﻿Rank,TeamId,TeamName,LastSubmissionDate,Score,SubmissionCount,TeamMemberUserNames
1,142179,matrix,"2015-04-20 18:21:32",0.68469,25,"legend2,mavis2"
2,142008,FLASH!,"2015-04-20 18:40:26",0.66313,52,"dearfish1,lz37286813"
3,144488,jajajaqlt,"2015-04-20 18:22:02",0.66062,10,jajajaqlt
4,144523,Matrix_Dimensions_Must_Agree,"2015-04-20 23:48:04",0.65443,42,"keeprunning,siegfriedli"
5,144436,dymen,"2015-04-20 20:03:47",0.65436,32,dymen286522
6,155087,21zhou,"2015-04-20 04:14:17",0.65114,26,zhou21
7,144546,beta_j,"2015-04-19 23:42:25",0.65114,26,riazmshaik
8,162436,"Haibo Chen","2015-04-20 23:42:10",0.65033,21,haibochen1
9,144203,"Overfit Destroyer","2015-04-20 23:58:26",0.64966,10,juarezsampaio
10,144772,H.Zeng,"2015-04-19 19:26:04",0.64823,18,"hzeng288490,wenbobu"
11,169825,Cicean,"2015-04-19 23:27:39",0.64414,4,ciceanwang
12,145844,"los coolkids","2015-04-20 04:53:04",0.64403,18,"jpark1,mfidaali"
13,141994,minions,"2015-04-20 23:47:01",0.64325,18,"hawaiii,lukewang1"
14,143668,AA,"2015-04-20 08:58:25",0.64195,13,zhanghaoyue
15,144494,jx822,"2015-04-20 23:15:00",0.64151,15,"jayveerabella,xinxing"
16,144381,vOiD,"2015-04-20 00:52:28",0.63419,22,"jiezhu,lishen"
17,144228,medml,"2015-04-20 13:12:38",0.62075,31,"jmbell,lin4mation"
18,144323,arctic_hare,"2015-04-20 23:51:41",0.60045,18,"elaine287246,titinko"
19,144527,:3,"2015-04-20 23:47:50",0.60044,25,"divyabhat0,mattjohnson2"
20,142534,dogecoin,"2015-04-20 23:26:24",0.59405,9,"kfjord,maxp2286410"
21,142659,pandora,"2015-04-20 19:58:40",0.58946,22,"camc286718,rohan1"
22,142424,Sunshine,"2015-04-20 21:21:49",0.58862,21,sunshine10
23,142333,huniu,"2015-04-20 23:48:37",0.58754,7,"hu3286692,madcow1"
24,160337,"Tao Jin","2015-04-19 18:06:15",0.58452,17,taojin0
25,142310,"Fourier's Transformers","2015-04-20 19:22:51",0.58249,16,"asb7286854,davesullivan41"
26,144441,Kamesh,"2015-04-20 00:59:22",0.58027,12,"kamesh2,mebads"
27,144490,kgm-jen,"2015-04-20 21:09:13",0.57786,7,"jimmynewman,kuldeepmeel"
28,142144,"HAL 9000","2015-04-20 23:47:35",0.57706,13,tommyw0
29,163992,segfault,"2015-04-20 07:53:38",0.55982,14,segfault0
30,157863,"Karan Thakker","2015-04-20 08:49:46",0.55469,10,punsofdata
0,139775,"All Zeros Benchmark","2015-01-21 15:00:57",0.50000,1,meditativeape
31,163496,"Afsane 2","2015-04-16 23:34:49",0.50000,1,afsane0
